question,answer,took,agent_response,rag_tool_calls,mcp_tool_calls
ผมปวดท้องมาก อ้วกด้วย ตอนนี้ตีสองยังมีแผนกไหนเปิดอยู่ไหมครับ?  ก. Endocrinology ข. Orthopedics ค. Emergency ง. Internal Medicine ,"<think>

</think>

ค",2.4528160095214844,"{'messages': [HumanMessage(content='\\no-think\nRAG Context:\nFound 5 relevant documents:\n\nDocument 1 (Source: doc.mkd):\nผู้ป่วยมีอาการปวดท้อง แพทย์วินิจฉัยว่า\nเป็นกรดไหลย้อน จะให้นอน รพ.\nต้องใช้ใบส่งตัวจาก รพ.ตามสิทธิ หรือไม่\n\n3\n\n\nให้ติดต่อแจ้งขอใช้สิทธิหลักประกันสุขภาพแห่งชาติ\nพร้อมแสดงบัตรประจำตัวประชาชน\nโดยไม่ต้องใช้ใบส่งตัวจาก รพ.ตามสิทธิ\n\n12\n\n\nจากภาพที่ปรากฏ เป็นอินโฟกราฟิก (infographic) ที่ให้ข้อมูลเกี่ยวกับบริการ **""สายด่วน สปสช. 1330""** ภายใต้สโลแกน ""บริการข้อมูลหลักประกันสุขภาพ""\n\nรายละเอียดที่สำคัญจากภาพมีดังนี้:\n\nDocument 2 (Source: doc3.mkd):\nรายละเอียดบริการการดูแลรักษาผู้ป่วยโรคธาลัสซีเมีย อยู่ในประกาศเอกสารหมายเลข ๑ แนบท้าย และรายการบริการให้เลือดแนบประกาศสำนักงาน\n“หลักประกันสุขภาพแห่งชาติ ฉบับที่ ๒, การดูแลผู้ป่วยวัณโรครวมทั้งการรักษาการติดเชื้อวัณโรคระยะแฝงเอกสารหมายเลข ๒ แนบท้ายประกาศ\nสำนักงานหลักประกันสุขภาพแห่งชาติ, การดูแลผู้ป่วยโรคหายากเอกสารหมายเลข ๔ แนบท้ายประกาศสำนักงานหลักประกันสุขภาพแห่งชาติ\n\n1. การดูแลรักษาผู้ป่วยโรคธาลัสซีเมีย\n\n2. การบริหารกองทุนวัณโรค\n\n3. การบริการผู้ป่วยโรคหายาก (RARE DISEASE)\n\nDocument 3 (Source: doc.mkd):\n24\n\n\nผู้ป่วยเพิ่งเริ่มทำงานได้ 2 เดือน มีอาการถ่ายท้องเป็นเลือด เข้า รพ.\nแพทย์ตรวจพบว่ากระเพาะทะลุ รับไว้เป็นคนไข้ใน ตรวจสอบสิทธิ\nพบว่าเป็นสิทธิประกันสังคม กรณีนี้ต้องใช้สิทธิใดในการรักษา\n\nการใช้สิทธิว่าง\n\nผู้ป่วยไม่มีสิทธิรักษาพยาบาลใดๆ (สิทธิว่าง)\nป่วยเป็นโรคเนื้องอกในสมอง เข้ารักษา รพ.ตามสิทธิ\nแล้วเกินศักยภาพ แพทย์ต้องส่งตัวไปยัง รพ. เฉพาะทาง\nจะใช้สิทธิหลักประกันสุขภาพแห่งชาติอย่างไร\nผู้ป่วยสามารถใช้สิทธิว่างในการรักษาพยาบาลต่อเนื่องได้ทั้ง 2 รพ.\n\n96\n\nDocument 4 (Source: doc.mkd):\n{ /content/out/cropped_img/page-07_box_2_Picture.jpg, /content/out/page-07.png }\n\nผู้ป่วยมีอาการปวดท้อง เข้ารักษา รพ.เอกชน\nในระบบ สปสช. แพทย์วินิจฉัยเป็นกรดไหลย้อน\nจะให้นอน รพ. ต้องใช้ใบส่งตัวจาก รพ.\nตามสิทธิหลักประกันสุขภาพแห่งชาติหรือไม่\n\nหากเข้ารับการผ่าตัดที่ รพ. ในระบบ สปสช.\nผู้ป่วยสามารถใช้สิทธิรักษากรณี\nผู้ป่วยในไม่ต้องใช้ใบส่งตัวได้เลย\n\nจากภาพที่เห็น เป็นป้ายประชาสัมพันธ์ข้อมูล contact สำหรับ ""สายด่วน สปสช."" โดยมีหมายเลขโทรศัพท์คือ 1330 ครับ\n\nDocument 5 (Source: doc3.mkd):\n*   - บริการเยี่ยมบ้าน\n            *   - บริการวันมารับยา/มาตามนัดที่ รพ.\n            *   - บริการแบบกลุ่ม\n            *   - บริการติดตาม ส่งต่อ\n\nUser Question:\nผมปวดท้องมาก อ้วกด้วย ตอนนี้ตีสองยังมีแผนกไหนเปิดอยู่ไหมครับ?  ก. Endocrinology ข. Orthopedics ค. Emergency ง. Internal Medicine \n\nOutput Only: ก,ข,ค,ง no explanation, no answer text', additional_kwargs={}, response_metadata={}, id='a5d0e41c-5df4-4693-88e6-1bf0237c8d81'), AIMessage(content='<think>\n\n</think>\n\nค', additional_kwargs={}, response_metadata={'model': 'qwen3:32b', 'created_at': '2025-08-01T22:24:56.619358385Z', 'done': True, 'done_reason': 'stop', 'total_duration': 2175479421, 'load_duration': 39582281, 'prompt_eval_count': 3778, 'prompt_eval_duration': 1978112190, 'eval_count': 6, 'eval_duration': 145781420, 'model_name': 'qwen3:32b'}, id='run--f90953a6-92c6-4bd2-85c9-c93efa003f5d-0', usage_metadata={'input_tokens': 3778, 'output_tokens': 6, 'total_tokens': 3784})]}","[{'tool_name': 'vector_search_tool', 'input': {'query': 'ผมปวดท้องมาก อ้วกด้วย ตอนนี้ตีสองยังมีแผนกไหนเปิดอยู่ไหมครับ?  ก. Endocrinology ข. Orthopedics ค. Emergency ง. Internal Medicine ', 'k': 5}, 'output': 'Found 5 relevant documents:\n\nDocument 1 (Source: doc.mkd):\nผู้ป่วยมีอาการปวดท้อง แพทย์วินิจฉัยว่า\nเป็นกรดไหลย้อน จะให้นอน รพ.\nต้องใช้ใบส่งตัวจาก รพ.ตามสิทธิ หรือไม่\n\n3\n\n\nให้ติดต่อแจ้งขอใช้สิทธิหลักประกันสุขภาพแห่งชาติ\nพร้อมแสดงบัตรประจำตัวประชาชน\nโดยไม่ต้องใช้ใบส่งตัวจาก รพ.ตามสิทธิ\n\n12\n\n\nจากภาพที่ปรากฏ เป็นอินโฟกราฟิก (infographic) ที่ให้ข้อมูลเกี่ยวกับบริการ **""สายด่วน สปสช. 1330""** ภายใต้สโลแกน ""บริการข้อมูลหลักประกันสุขภาพ""\n\nรายละเอียดที่สำคัญจากภาพมีดังนี้:\n\nDocument 2 (Source: doc3.mkd):\nรายละเอียดบริการการดูแลรักษาผู้ป่วยโรคธาลัสซีเมีย อยู่ในประกาศเอกสารหมายเลข ๑ แนบท้าย และรายการบริการให้เลือดแนบประกาศสำนักงาน\n“หลักประกันสุขภาพแห่งชาติ ฉบับที่ ๒, การดูแลผู้ป่วยวัณโรครวมทั้งการรักษาการติดเชื้อวัณโรคระยะแฝงเอกสารหมายเลข ๒ แนบท้ายประกาศ\nสำนักงานหลักประกันสุขภาพแห่งชาติ, การดูแลผู้ป่วยโรคหายากเอกสารหมายเลข ๔ แนบท้ายประกาศสำนักงานหลักประกันสุขภาพแห่งชาติ\n\n1. การดูแลรักษาผู้ป่วยโรคธาลัสซีเมีย\n\n2. การบริหารกองทุนวัณโรค\n\n3. การบริการผู้ป่วยโรคหายาก (RARE DISEASE)\n\nDocument 3 (Source: doc.mkd):\n24\n\n\nผู้ป่วยเพิ่งเริ่มทำงานได้ 2 เดือน มีอาการถ่ายท้องเป็นเลือด เข้า รพ.\nแพทย์ตรวจพบว่ากระเพาะทะลุ รับไว้เป็นคนไข้ใน ตรวจสอบสิทธิ\nพบว่าเป็นสิทธิประกันสังคม กรณีนี้ต้องใช้สิทธิใดในการรักษา\n\nการใช้สิทธิว่าง\n\nผู้ป่วยไม่มีสิทธิรักษาพยาบาลใดๆ (สิทธิว่าง)\nป่วยเป็นโรคเนื้องอกในสมอง เข้ารักษา รพ.ตามสิทธิ\nแล้วเกินศักยภาพ แพทย์ต้องส่งตัวไปยัง รพ. เฉพาะทาง\nจะใช้สิทธิหลักประกันสุขภาพแห่งชาติอย่างไร\nผู้ป่วยสามารถใช้สิทธิว่างในการรักษาพยาบาลต่อเนื่องได้ทั้ง 2 รพ.\n\n96\n\nDocument 4 (Source: doc.mkd):\n{ /content/out/cropped_img/page-07_box_2_Picture.jpg, /content/out/page-07.png }\n\nผู้ป่วยมีอาการปวดท้อง เข้ารักษา รพ.เอกชน\nในระบบ สปสช. แพทย์วินิจฉัยเป็นกรดไหลย้อน\nจะให้นอน รพ. ต้องใช้ใบส่งตัวจาก รพ.\nตามสิทธิหลักประกันสุขภาพแห่งชาติหรือไม่\n\nหากเข้ารับการผ่าตัดที่ รพ. ในระบบ สปสช.\nผู้ป่วยสามารถใช้สิทธิรักษากรณี\nผู้ป่วยในไม่ต้องใช้ใบส่งตัวได้เลย\n\nจากภาพที่เห็น เป็นป้ายประชาสัมพันธ์ข้อมูล contact สำหรับ ""สายด่วน สปสช."" โดยมีหมายเลขโทรศัพท์คือ 1330 ครับ\n\nDocument 5 (Source: doc3.mkd):\n*   - บริการเยี่ยมบ้าน\n            *   - บริการวันมารับยา/มาตามนัดที่ รพ.\n            *   - บริการแบบกลุ่ม\n            *   - บริการติดตาม ส่งต่อ'}]",[]
ยา Clopidogrel mg tablet ในปี 2567 จ่ายในอัตราเท่าใดต่อเม็ดในกรณีผู้ป่วยนอก (OP)?  ก. 2 บาท/เม็ด ข. 3 บาท/เม็ด ค. 4 บาท/เม็ด ง. 5 บาท/เม็ด ,"<think>

</think>

ข",3.22691011428833,"{'messages': [HumanMessage(content='\\no-think\nRAG Context:\nFound 5 relevant documents:\n\nDocument 1 (Source: doc3.mkd):\n{ processed_output/doc3/cropped_img/page-032_box_0_Table.jpg, processed_output/doc3/page-032.png }\n\nการจ่ายชดเชยยา Clopidogrel mg tablet\n\nการจ่ายชดเชยยา Clopidogrel mg tablet\n\n\n {{33}}\nจากตารางแสดงข้อมูล ""บริการปี 2567 และ 2568"" ประกอบด้วยรายละเอียดต่างๆ ดังนี้:\n\n**หลักเกณฑ์เงื่อนไข:**\n\nDocument 2 (Source: doc3.mkd):\n| **อัตราจ่าย** | - ขนาด 500 มก./แคปซูล อัตรา 3.5 บาท/แคปซูล  - ขนาด 2 กรัม/ซอง อัตรา 11 บาท/ซอง | - ปริมาณการใช้ยาไม่เกิน 120 แคปซูล/คน/เดือน  - ปริมาณการใช้ยาไม่เกิน 30 ซอง/คน/เดือน |\n| **หน่วยบริการ** | หน่วยบริการในระบบหลักประกันสุขภาพแห่งชาติ | หน่วยบริการที่มีศักยภาพในการให้บริการ โดยมีเงื่อนไขตามข้อกำหนดบัญชียาหลักแห่งชาติด้านสมุนไพร |\n| **ระบบเบิกจ่าย** | หน่วยบริการ เขต 1 - 13 บันทึกผ่าน ระบบบัญชียา (ว2) หัวข้อยาสามัญ | (เหมือนปี 2567) |\n\nDocument 3 (Source: doc3.mkd):\n*   ปี 2567:\n\n        *   ขนาด 500 มก./แคปซูล อัตรา 3.5 บาท/แคปซูล\n        *   ขนาด 2 กรัม/ซอง อัตรา 13 บาท/ซอง\n    *   ปี 2568:\n\n        *   ปริมาณการใช้ยาไม่เกิน 120 แคปซูล/คน/เดือน\n        *   ปริมาณการใช้ยาไม่เกิน 30 ซอง/คน/เดือน\n\n*   **หน่วยบริการ:** หน่วยบริการในระบบหลักประกันสุขภาพแห่งชาติ\n*   **ระบบเบิกจ่าย:** หน่วยบริการ เขต 1 - 13 บันทึกผ่าน ระบบบัญชียา (J2) หัวข้อบัญชียา\n*   **ระบบประมวลผล:** ระบบบูรณาการติดตามข้อมูลการจ่ายชดเชยโรคเฉพาะ (Seamless for DMIS)\n\nDocument 4 (Source: doc3.mkd):\n| อัตราจ่าย | ขนาด 10 ml อัตรา 172 บาท/ขวด ปริมาณการใช้ยาไม่เกิน 1-2 ขวด/คน/เดือน | (เช่นเดียวกับปี 2567) |\n| หน่วยบริการ | หน่วยบริการในระบบหลักประกันสุขภาพแห่งชาติ ที่มีศักยภาพ และ/หรือ บุคลากรตามมาตรฐานที่กระทรวงสาธารณสุขกำหนด โดยมีเงื่อนไขตามข้อกำหนดบัญชียาแห่งชาติ บัญชียา 3 | หน่วยบริการที่มีศักยภาพในการให้บริการ โดยมีเงื่อนไขตามข้อกำหนดบัญชียาหลักแห่งชาติด้านสมุนไพร |\n| ระบบเบิกจ่าย | ระบบบัญชี (J2) หัวข้อยากัญชา | (เช่นเดียวกับปี 2567) |\n\nDocument 5 (Source: doc3.mkd):\n| อัตราจ่าย                  | ปีงบประมาณ 2567                  | ปีงบประมาณ 2568                  |\n    | :-------------------------- | :---------------------------------- | :---------------------------------- |\n    | ขนาด 500 มก./แคปซูล          | อัตรา 2.25 บาท/แคปซูล              | ปริมาณการใช้ยาไม่เกิน 240 แคปซูล/คน/เดือน |\n    | ขนาด 2 กรัม/ซอง              | อัตรา 8 บาท/ซอง                  | ปริมาณการใช้ยาไม่เกิน 60 ซอง/คน/เดือน    |\n\nUser Question:\nยา Clopidogrel mg tablet ในปี 2567 จ่ายในอัตราเท่าใดต่อเม็ดในกรณีผู้ป่วยนอก (OP)?  ก. 2 บาท/เม็ด ข. 3 บาท/เม็ด ค. 4 บาท/เม็ด ง. 5 บาท/เม็ด \n\nOutput Only: ก,ข,ค,ง no explanation, no answer text', additional_kwargs={}, response_metadata={}, id='039f576a-c882-4754-91f2-58f61f96b0eb'), AIMessage(content='<think>\n\n</think>\n\nข', additional_kwargs={}, response_metadata={'model': 'qwen3:32b', 'created_at': '2025-08-01T22:24:57.449412635Z', 'done': True, 'done_reason': 'stop', 'total_duration': 2986089883, 'load_duration': 34710440, 'prompt_eval_count': 3804, 'prompt_eval_duration': 682778631, 'eval_count': 6, 'eval_duration': 146365044, 'model_name': 'qwen3:32b'}, id='run--4284f3bc-5fb4-4168-96c8-60cb419b5521-0', usage_metadata={'input_tokens': 3804, 'output_tokens': 6, 'total_tokens': 3810})]}","[{'tool_name': 'vector_search_tool', 'input': {'query': 'ยา Clopidogrel mg tablet ในปี 2567 จ่ายในอัตราเท่าใดต่อเม็ดในกรณีผู้ป่วยนอก (OP)?  ก. 2 บาท/เม็ด ข. 3 บาท/เม็ด ค. 4 บาท/เม็ด ง. 5 บาท/เม็ด ', 'k': 5}, 'output': 'Found 5 relevant documents:\n\nDocument 1 (Source: doc3.mkd):\n{ processed_output/doc3/cropped_img/page-032_box_0_Table.jpg, processed_output/doc3/page-032.png }\n\nการจ่ายชดเชยยา Clopidogrel mg tablet\n\nการจ่ายชดเชยยา Clopidogrel mg tablet\n\n\n {{33}}\nจากตารางแสดงข้อมูล ""บริการปี 2567 และ 2568"" ประกอบด้วยรายละเอียดต่างๆ ดังนี้:\n\n**หลักเกณฑ์เงื่อนไข:**\n\nDocument 2 (Source: doc3.mkd):\n| **อัตราจ่าย** | - ขนาด 500 มก./แคปซูล อัตรา 3.5 บาท/แคปซูล  - ขนาด 2 กรัม/ซอง อัตรา 11 บาท/ซอง | - ปริมาณการใช้ยาไม่เกิน 120 แคปซูล/คน/เดือน  - ปริมาณการใช้ยาไม่เกิน 30 ซอง/คน/เดือน |\n| **หน่วยบริการ** | หน่วยบริการในระบบหลักประกันสุขภาพแห่งชาติ | หน่วยบริการที่มีศักยภาพในการให้บริการ โดยมีเงื่อนไขตามข้อกำหนดบัญชียาหลักแห่งชาติด้านสมุนไพร |\n| **ระบบเบิกจ่าย** | หน่วยบริการ เขต 1 - 13 บันทึกผ่าน ระบบบัญชียา (ว2) หัวข้อยาสามัญ | (เหมือนปี 2567) |\n\nDocument 3 (Source: doc3.mkd):\n*   ปี 2567:\n\n        *   ขนาด 500 มก./แคปซูล อัตรา 3.5 บาท/แคปซูล\n        *   ขนาด 2 กรัม/ซอง อัตรา 13 บาท/ซอง\n    *   ปี 2568:\n\n        *   ปริมาณการใช้ยาไม่เกิน 120 แคปซูล/คน/เดือน\n        *   ปริมาณการใช้ยาไม่เกิน 30 ซอง/คน/เดือน\n\n*   **หน่วยบริการ:** หน่วยบริการในระบบหลักประกันสุขภาพแห่งชาติ\n*   **ระบบเบิกจ่าย:** หน่วยบริการ เขต 1 - 13 บันทึกผ่าน ระบบบัญชียา (J2) หัวข้อบัญชียา\n*   **ระบบประมวลผล:** ระบบบูรณาการติดตามข้อมูลการจ่ายชดเชยโรคเฉพาะ (Seamless for DMIS)\n\nDocument 4 (Source: doc3.mkd):\n| อัตราจ่าย | ขนาด 10 ml อัตรา 172 บาท/ขวด ปริมาณการใช้ยาไม่เกิน 1-2 ขวด/คน/เดือน | (เช่นเดียวกับปี 2567) |\n| หน่วยบริการ | หน่วยบริการในระบบหลักประกันสุขภาพแห่งชาติ ที่มีศักยภาพ และ/หรือ บุคลากรตามมาตรฐานที่กระทรวงสาธารณสุขกำหนด โดยมีเงื่อนไขตามข้อกำหนดบัญชียาแห่งชาติ บัญชียา 3 | หน่วยบริการที่มีศักยภาพในการให้บริการ โดยมีเงื่อนไขตามข้อกำหนดบัญชียาหลักแห่งชาติด้านสมุนไพร |\n| ระบบเบิกจ่าย | ระบบบัญชี (J2) หัวข้อยากัญชา | (เช่นเดียวกับปี 2567) |\n\nDocument 5 (Source: doc3.mkd):\n| อัตราจ่าย                  | ปีงบประมาณ 2567                  | ปีงบประมาณ 2568                  |\n    | :-------------------------- | :---------------------------------- | :---------------------------------- |\n    | ขนาด 500 มก./แคปซูล          | อัตรา 2.25 บาท/แคปซูล              | ปริมาณการใช้ยาไม่เกิน 240 แคปซูล/คน/เดือน |\n    | ขนาด 2 กรัม/ซอง              | อัตรา 8 บาท/ซอง                  | ปริมาณการใช้ยาไม่เกิน 60 ซอง/คน/เดือน    |'}]",[]
ข้อใดต่อไปนี้เป็นอาการฉุกเฉินวิกฤตที่เข้าข่ายสิทธิ UCEP?  ก. เจ็บหน้าอกเฉียบพลันรุนแรง ข. ปวดหัวอย่างรุนแรง ค. มีไข้สูง ง. ปวดท้องเรื้อรัง ,"<think>

</think>

ก,ข,ค,ง",8.590181827545166,"{'messages': [HumanMessage(content='\\no-think\nRAG Context:\nFound 5 relevant documents:\n\nDocument 1 (Source: doc.mkd):\n*   **สิทธิ UCEP คืออะไร:** สิทธิการรักษาพยาบาลฟรีสำหรับผู้ป่วยฉุกเฉินวิกฤต ที่สามารถเข้ารับการรักษาใน รพ. ทุกแห่งได้โดยไม่ต้องเสียค่าใช้จ่ายภายใน 72 ชั่วโมงแรก\n*   **อาการอย่างใดที่เข้าข่ายฉุกเฉินวิกฤต:** มีการระบุอาการต่างๆ ที่เข้าข่ายฉุกเฉินวิกฤต ตามเกณฑ์ที่ สพฉ. (สถาบันการแพทย์ฉุกเฉินแห่งชาติ) กำหนด เช่น หมดสติ, หายใจหอบเหนื่อยรุนแรง, ชัก, เจ็บหน้าอกรุนแรง, แขนขาอ่อนแรง, หรือมีอาการอื่นร่วมที่มีผลต่อการหายใจ ระบบไหลเวียนโลหิต และระบบสมอง\n\nDocument 2 (Source: doc.mkd):\n1. หมดสติ ไม่รู้สึกตัว ไม่หายใจ\n\n6. หรือมีอาการอื่นร่วมที่มีผลต่อการหายใจ ระบบไหลเวียนโลหิต\nและระบบสมองที่อาจเป็นอันตรายต่อชีวิต\n\n6. หรือมีอาการอื่นร่วมที่มีผลต่อการหายใจ ระบบไหลเวียนโลหิต\nและระบบสมองที่อาจเป็นอันตรายต่อชีวิต\n\nอาการฉุกเฉินวิกฤต ตามเกณฑ์ที่สถาบันการแพทย์ฉุกเฉินแห่งชาติ (สพฉ.)\nกำหนดดังนี้\n\nการใช้สิทธิกรณี\nอุบัติเหตุ\nเจ็บป่วยฉุกเฉิน\n\n3. ซึมลง เหงื่อแตก ตัวเย็น หรือมีอาการชักร่วม\n\n1. สิทธิหลักประกันสุขภาพแห่งชาติ ติดต่อผ่านสายด่วน สปสช. 1330\n\nDocument 3 (Source: doc2.mkd):\nซึ่งมีอาการบ่งชี้ว่า จะเป็นอาการที่คุกคามต่อการทำงานของอวัยวะสำคัญ ได้แก่\nหัวใจ สมอง การหายใจ ต้องได้รับการรักษาและดูแลติดตามอย่างใกล้ชิด\nเพราะอาจทำให้เสียชีวิตได้รวดเร็ว ยกตัวอย่างเช่น หัวใจหยุดเต้น / หอบรุนแรง /\nมีอาการเขียวคล้ำ / หมดสติไม่รู้สึกตัว / สิ่งแปลกปลอมอุดกั้นหลอดลม / มีอาการ\nวิกฤตจากอุบัติเหตุ / มีเลือดออกมากห้ามไม่หยุด / ภาวะขาดน้ำอย่างรุนแรง /\nแขน ขา อ่อนแรง ปากเบี้ยว พูดลำบาก / ชัก / มีอาการวิกฤตจากไข้สูง เป็นต้น\n\nDocument 4 (Source: doc2.mkd):\nผู้ป่วยเจ็บป่วยฉุกเฉินวิกฤตถึงแก่ชีวิต หมายถึง ผู้ป่วยหรือผู้ที่ได้รับบาดเจ็บ\nซึ่งมีอาการบ่งชี้ว่า จะเป็นอาการที่คุกคามต่อการทำงานของอวัยวะสำคัญ ได้แก่\nหัวใจ สมอง การหายใจ ต้องได้รับการรักษาและดูแลติดตามอย่างใกล้ชิด\nเพราะอาจทำให้เสียชีวิตได้รวดเร็ว ยกตัวอย่างเช่น หัวใจหยุดเต้น / หอบรุนแรง /\nมีอาการเขียวคล้ำ / หมดสติไม่รู้สึกตัว / สิ่งแปลกปลอมอุดกั้นหลอดลม / มีอาการ\nวิกฤตจากอุบัติเหตุ / มีเลือดออกมากห้ามไม่หยุด / ภาวะขาดน้ำอย่างรุนแรง /\n\nDocument 5 (Source: doc3.mkd):\n(ระดับ 1, 2) <br> - กรณีภาวะฉุกเฉินเร่งด่วน ซึ่งการส่งต่อผู้ป่วยอาจทำให้เกิดอันตรายต่อผู้ป่วย ในหน่วยบริการที่ยังไม่ผ่านเกณฑ์การขึ้นทะเบียนรับส่งต่อเฉพาะด้าน ขอทำความตกลงกับสำนักงานเป็นรายกรณี |\n\nUser Question:\nข้อใดต่อไปนี้เป็นอาการฉุกเฉินวิกฤตที่เข้าข่ายสิทธิ UCEP?  ก. เจ็บหน้าอกเฉียบพลันรุนแรง ข. ปวดหัวอย่างรุนแรง ค. มีไข้สูง ง. ปวดท้องเรื้อรัง \n\nOutput Only: ก,ข,ค,ง no explanation, no answer text', additional_kwargs={}, response_metadata={}, id='e0e99cd7-ede4-45d4-8de7-0728afe792d2'), AIMessage(content='<think>\n\n</think>\n\nก,ข,ค,ง', additional_kwargs={}, response_metadata={'model': 'qwen3:32b', 'created_at': '2025-08-01T22:25:02.847449417Z', 'done': True, 'done_reason': 'stop', 'total_duration': 8318251632, 'load_duration': 95203084, 'prompt_eval_count': 3907, 'prompt_eval_duration': 731192248, 'eval_count': 12, 'eval_duration': 266732449, 'model_name': 'qwen3:32b'}, id='run--994f54c6-575d-4b28-86d0-8749bc9ed164-0', usage_metadata={'input_tokens': 3907, 'output_tokens': 12, 'total_tokens': 3919})]}","[{'tool_name': 'vector_search_tool', 'input': {'query': 'ข้อใดต่อไปนี้เป็นอาการฉุกเฉินวิกฤตที่เข้าข่ายสิทธิ UCEP?  ก. เจ็บหน้าอกเฉียบพลันรุนแรง ข. ปวดหัวอย่างรุนแรง ค. มีไข้สูง ง. ปวดท้องเรื้อรัง ', 'k': 5}, 'output': 'Found 5 relevant documents:\n\nDocument 1 (Source: doc.mkd):\n*   **สิทธิ UCEP คืออะไร:** สิทธิการรักษาพยาบาลฟรีสำหรับผู้ป่วยฉุกเฉินวิกฤต ที่สามารถเข้ารับการรักษาใน รพ. ทุกแห่งได้โดยไม่ต้องเสียค่าใช้จ่ายภายใน 72 ชั่วโมงแรก\n*   **อาการอย่างใดที่เข้าข่ายฉุกเฉินวิกฤต:** มีการระบุอาการต่างๆ ที่เข้าข่ายฉุกเฉินวิกฤต ตามเกณฑ์ที่ สพฉ. (สถาบันการแพทย์ฉุกเฉินแห่งชาติ) กำหนด เช่น หมดสติ, หายใจหอบเหนื่อยรุนแรง, ชัก, เจ็บหน้าอกรุนแรง, แขนขาอ่อนแรง, หรือมีอาการอื่นร่วมที่มีผลต่อการหายใจ ระบบไหลเวียนโลหิต และระบบสมอง\n\nDocument 2 (Source: doc.mkd):\n1. หมดสติ ไม่รู้สึกตัว ไม่หายใจ\n\n6. หรือมีอาการอื่นร่วมที่มีผลต่อการหายใจ ระบบไหลเวียนโลหิต\nและระบบสมองที่อาจเป็นอันตรายต่อชีวิต\n\n6. หรือมีอาการอื่นร่วมที่มีผลต่อการหายใจ ระบบไหลเวียนโลหิต\nและระบบสมองที่อาจเป็นอันตรายต่อชีวิต\n\nอาการฉุกเฉินวิกฤต ตามเกณฑ์ที่สถาบันการแพทย์ฉุกเฉินแห่งชาติ (สพฉ.)\nกำหนดดังนี้\n\nการใช้สิทธิกรณี\nอุบัติเหตุ\nเจ็บป่วยฉุกเฉิน\n\n3. ซึมลง เหงื่อแตก ตัวเย็น หรือมีอาการชักร่วม\n\n1. สิทธิหลักประกันสุขภาพแห่งชาติ ติดต่อผ่านสายด่วน สปสช. 1330\n\nDocument 3 (Source: doc2.mkd):\nซึ่งมีอาการบ่งชี้ว่า จะเป็นอาการที่คุกคามต่อการทำงานของอวัยวะสำคัญ ได้แก่\nหัวใจ สมอง การหายใจ ต้องได้รับการรักษาและดูแลติดตามอย่างใกล้ชิด\nเพราะอาจทำให้เสียชีวิตได้รวดเร็ว ยกตัวอย่างเช่น หัวใจหยุดเต้น / หอบรุนแรง /\nมีอาการเขียวคล้ำ / หมดสติไม่รู้สึกตัว / สิ่งแปลกปลอมอุดกั้นหลอดลม / มีอาการ\nวิกฤตจากอุบัติเหตุ / มีเลือดออกมากห้ามไม่หยุด / ภาวะขาดน้ำอย่างรุนแรง /\nแขน ขา อ่อนแรง ปากเบี้ยว พูดลำบาก / ชัก / มีอาการวิกฤตจากไข้สูง เป็นต้น\n\nDocument 4 (Source: doc2.mkd):\nผู้ป่วยเจ็บป่วยฉุกเฉินวิกฤตถึงแก่ชีวิต หมายถึง ผู้ป่วยหรือผู้ที่ได้รับบาดเจ็บ\nซึ่งมีอาการบ่งชี้ว่า จะเป็นอาการที่คุกคามต่อการทำงานของอวัยวะสำคัญ ได้แก่\nหัวใจ สมอง การหายใจ ต้องได้รับการรักษาและดูแลติดตามอย่างใกล้ชิด\nเพราะอาจทำให้เสียชีวิตได้รวดเร็ว ยกตัวอย่างเช่น หัวใจหยุดเต้น / หอบรุนแรง /\nมีอาการเขียวคล้ำ / หมดสติไม่รู้สึกตัว / สิ่งแปลกปลอมอุดกั้นหลอดลม / มีอาการ\nวิกฤตจากอุบัติเหตุ / มีเลือดออกมากห้ามไม่หยุด / ภาวะขาดน้ำอย่างรุนแรง /\n\nDocument 5 (Source: doc3.mkd):\n(ระดับ 1, 2) <br> - กรณีภาวะฉุกเฉินเร่งด่วน ซึ่งการส่งต่อผู้ป่วยอาจทำให้เกิดอันตรายต่อผู้ป่วย ในหน่วยบริการที่ยังไม่ผ่านเกณฑ์การขึ้นทะเบียนรับส่งต่อเฉพาะด้าน ขอทำความตกลงกับสำนักงานเป็นรายกรณี |'}]",[]
สิทธิในข้อใดที่ไม่รวมอยู่ในสิทธิประโยชน์ของผู้มีสิทธิหลักประกันสุขภาพแห่งชาติ?  ก. สิทธิหลักประกันสุขภาพแห่งชาติ ข. สิทธิบัตรทอง ค. สิทธิ 30 บาทรักษาทุกโรค ง. ไม่มีข้อใดถูกต้อง ,"<think>

</think>

ข",13.42607069015503,"{'messages': [HumanMessage(content='\\no-think\nRAG Context:\nFound 5 relevant documents:\n\nDocument 1 (Source: doc3.mkd):\n| ผู้มีสิทธิ | ลิขสิทธิ์หลักประกันสุขภาพแห่งชาติ/สิทธิผู้ประกันตนคนพิการ และยืนยันการให้บริการหรือปลดสิทธิทุกครั้ง                                 | - (เหมือนปี 2567, assuming same criteria)                                                                      |\n\nDocument 2 (Source: doc3.mkd):\n| ผู้มีสิทธิ        | สิทธิหลักประกันสุขภาพแห่งชาติ/สิทธิผู้ประกันตนพิการ และยืนยันการให้บริการหรือปฏิเสธสิทธิทุกครั้ง                                               | (เหมือนปี 2567) สิทธิหลักประกันสุขภาพแห่งชาติ/สิทธิผู้ประกันตนพิการ และยืนยันการให้บริการหรือปฏิเสธสิทธิทุกครั้ง                                               |\n\nDocument 3 (Source: doc3.mkd):\n| ผู้มีสิทธิ       | สิทธิหลักประกันสุขภาพแห่งชาติ และสิทธิผู้ประกันตน (D1)                                                                                                                                                                                                                              | (เหมือนเดิม)           |\n\nDocument 4 (Source: doc3.mkd):\n| **ผู้มีสิทธิ**                 | สิทธิหลักประกันสุขภาพแห่งชาติ/สิทธิผู้ประกันตนคนพิการ และยืนยันการให้บริการหรือปฏิบัติสิทธิทุกครั้ง                                                                                                                                                                                                                                                                                                                       | มีข้อมูล        | -               |\n\nDocument 5 (Source: doc3.mkd):\n| **ผู้มีสิทธิ**       | สิทธิหลักประกันสุขภาพแห่งชาติ/สิทธิผู้ประกันตน/สิทธิคนพิการ และยืนยันการให้บริการหรือปัดสิทธิทุกครั้งยกเว้นบริการ IP\n\nUser Question:\nสิทธิในข้อใดที่ไม่รวมอยู่ในสิทธิประโยชน์ของผู้มีสิทธิหลักประกันสุขภาพแห่งชาติ?  ก. สิทธิหลักประกันสุขภาพแห่งชาติ ข. สิทธิบัตรทอง ค. สิทธิ 30 บาทรักษาทุกโรค ง. ไม่มีข้อใดถูกต้อง \n\nOutput Only: ก,ข,ค,ง no explanation, no answer text', additional_kwargs={}, response_metadata={}, id='5e77cf1b-a798-4c63-a80a-fbda5ce60d1b'), AIMessage(content='<think>\n\n</think>\n\nข', additional_kwargs={}, response_metadata={'model': 'qwen3:32b', 'created_at': '2025-08-01T22:25:07.699682201Z', 'done': True, 'done_reason': 'stop', 'total_duration': 13135746515, 'load_duration': 80325019, 'prompt_eval_count': 3810, 'prompt_eval_duration': 1991490282, 'eval_count': 6, 'eval_duration': 152421377, 'model_name': 'qwen3:32b'}, id='run--e2fd2298-6396-44e4-be28-754d55e7a49f-0', usage_metadata={'input_tokens': 3810, 'output_tokens': 6, 'total_tokens': 3816})]}","[{'tool_name': 'vector_search_tool', 'input': {'query': 'สิทธิในข้อใดที่ไม่รวมอยู่ในสิทธิประโยชน์ของผู้มีสิทธิหลักประกันสุขภาพแห่งชาติ?  ก. สิทธิหลักประกันสุขภาพแห่งชาติ ข. สิทธิบัตรทอง ค. สิทธิ 30 บาทรักษาทุกโรค ง. ไม่มีข้อใดถูกต้อง ', 'k': 5}, 'output': 'Found 5 relevant documents:\n\nDocument 1 (Source: doc3.mkd):\n| ผู้มีสิทธิ | ลิขสิทธิ์หลักประกันสุขภาพแห่งชาติ/สิทธิผู้ประกันตนคนพิการ และยืนยันการให้บริการหรือปลดสิทธิทุกครั้ง                                 | - (เหมือนปี 2567, assuming same criteria)                                                                      |\n\nDocument 2 (Source: doc3.mkd):\n| ผู้มีสิทธิ        | สิทธิหลักประกันสุขภาพแห่งชาติ/สิทธิผู้ประกันตนพิการ และยืนยันการให้บริการหรือปฏิเสธสิทธิทุกครั้ง                                               | (เหมือนปี 2567) สิทธิหลักประกันสุขภาพแห่งชาติ/สิทธิผู้ประกันตนพิการ และยืนยันการให้บริการหรือปฏิเสธสิทธิทุกครั้ง                                               |\n\nDocument 3 (Source: doc3.mkd):\n| ผู้มีสิทธิ       | สิทธิหลักประกันสุขภาพแห่งชาติ และสิทธิผู้ประกันตน (D1)                                                                                                                                                                                                                              | (เหมือนเดิม)           |\n\nDocument 4 (Source: doc3.mkd):\n| **ผู้มีสิทธิ**                 | สิทธิหลักประกันสุขภาพแห่งชาติ/สิทธิผู้ประกันตนคนพิการ และยืนยันการให้บริการหรือปฏิบัติสิทธิทุกครั้ง                                                                                                                                                                                                                                                                                                                       | มีข้อมูล        | -               |\n\nDocument 5 (Source: doc3.mkd):\n| **ผู้มีสิทธิ**       | สิทธิหลักประกันสุขภาพแห่งชาติ/สิทธิผู้ประกันตน/สิทธิคนพิการ และยืนยันการให้บริการหรือปัดสิทธิทุกครั้งยกเว้นบริการ IP'}]",[]
ค่าบริการเคลือบฟลูออไรด์ชนิดเข้มข้นสูงเฉพาะที่มีอัตราเหมาจ่ายเท่าใดต่อครั้ง?  ก. 50 บาท ข. 75 บาท ค. 100 บาท ง. 150 บาท ,"<think>

</think>

ค.",5.450385093688965,"{'messages': [HumanMessage(content='\\no-think\nRAG Context:\nFound 5 relevant documents:\n\nDocument 1 (Source: doc3.mkd):\n| เงื่อนไขและอัตราจ่าย | ค่าบริการเคลือบฟลูออไรด์ชนิดเข้มข้นสูงเฉพาะที่ (ทาฟลูออไรด์วาร์นิชที่มีปริมาณฟลูออไรด์ 22,600 ppm) รวมค่าบริการให้คำปรึกษา สำหรับกลุ่มเสี่ยงต่อโรคฟันผุ จ่ายในอัตราเหมาจ่าย 100 บาทต่อครั้ง ไม่เกิน 2 ครั้งต่อคนต่อปี                                                      | *ไม่มีการเปลี่ยนแปลง*\n\nDocument 2 (Source: doc3.mkd):\n&nbsp;&nbsp;&nbsp;&nbsp;&nbsp;&nbsp; - ไม่เกิน 1 ครั้ง/ปีงบประมาณ <br>  &nbsp;&nbsp;&nbsp;&nbsp;&nbsp;&nbsp; - ขดเขยเป็นเงิน <br> - **ค่าวัสดุอุปกรณ์เจาะ/เก็บเลือดและค่าน้ำยา**:  <br>  &nbsp;&nbsp; - มิลลิทิร UC <br>  &nbsp;&nbsp; - หน่วย CD4/VL/DR <br>  &nbsp;&nbsp; - อัตราจ่าย: <br>  &nbsp;&nbsp;&nbsp;&nbsp;&nbsp;&nbsp; - กรณีการส่งตรวจ CD4 และ VL อัตราจ่าย 20 บาท/ครั้ง <br>  &nbsp;&nbsp;&nbsp;&nbsp;&nbsp;&nbsp; - กรณีการส่งตรวจ DR อัตราจ่าย 100 บาท/ครั้ง <br>\n\nDocument 3 (Source: doc3.mkd):\n|               | อัตราจ่าย            | 1. กรณี การทำหมันชาย จ่ายตามจริงไม่เกิน 500 บาท/ราย (ตลอดชีวิต) <br> 2. กรณี การทำหมันหญิง จ่ายตามจริงไม่เกิน 1,000 บาท/ราย (ตลอดชีวิต)   | คงเดิม             |\n|               | โปรแกรม             | E-Claim                                                                                                                          | คงเดิม             |\n\nDocument 4 (Source: doc3.mkd):\n| 2. ค่ายาคุมฉุกเฉิน            | จ่ายเหมาจ่ายในอัตรา 60 บ./แผง ไม่เกิน 5 ครั้งต่อปี                                                                                                                                                                                                                                                                                                                                    |\n\nDocument 5 (Source: doc3.mkd):\n| **อัตราจ่าย**                  | จ่ายในอัตรา 11,000 บาทต่อราย แบ่งจ่ายชดเชยเป็น 2 ครั้ง ดังนี้ <br> - ครั้งที่ 1 จ่ายในอัตรา 6,000 บาท เมื่อหน่วยบริการลงทะเบียนและบันทึก Achieve goal <br> - ครั้งที่ 2 จ่ายในอัตรา 5,000 บาท เมื่อหน่วยบริการบันทึกผลการดำเนินงาน                                                                                                                                                                      | มีข้อมูล        | -               |\n\nUser Question:\nค่าบริการเคลือบฟลูออไรด์ชนิดเข้มข้นสูงเฉพาะที่มีอัตราเหมาจ่ายเท่าใดต่อครั้ง?  ก. 50 บาท ข. 75 บาท ค. 100 บาท ง. 150 บาท \n\nOutput Only: ก,ข,ค,ง no explanation, no answer text', additional_kwargs={}, response_metadata={}, id='1eb98bc5-68ce-4821-83c3-4f655689d9e0'), AIMessage(content='<think>\n\n</think>\n\nค.', additional_kwargs={}, response_metadata={'model': 'qwen3:32b', 'created_at': '2025-08-01T22:24:59.735604874Z', 'done': True, 'done_reason': 'stop', 'total_duration': 5221865280, 'load_duration': 96978075, 'prompt_eval_count': 4034, 'prompt_eval_duration': 2074212362, 'eval_count': 7, 'eval_duration': 210949390, 'model_name': 'qwen3:32b'}, id='run--d979caf6-c5f1-4b10-b3ed-2c81c2ced4aa-0', usage_metadata={'input_tokens': 4034, 'output_tokens': 7, 'total_tokens': 4041})]}","[{'tool_name': 'vector_search_tool', 'input': {'query': 'ค่าบริการเคลือบฟลูออไรด์ชนิดเข้มข้นสูงเฉพาะที่มีอัตราเหมาจ่ายเท่าใดต่อครั้ง?  ก. 50 บาท ข. 75 บาท ค. 100 บาท ง. 150 บาท ', 'k': 5}, 'output': 'Found 5 relevant documents:\n\nDocument 1 (Source: doc3.mkd):\n| เงื่อนไขและอัตราจ่าย | ค่าบริการเคลือบฟลูออไรด์ชนิดเข้มข้นสูงเฉพาะที่ (ทาฟลูออไรด์วาร์นิชที่มีปริมาณฟลูออไรด์ 22,600 ppm) รวมค่าบริการให้คำปรึกษา สำหรับกลุ่มเสี่ยงต่อโรคฟันผุ จ่ายในอัตราเหมาจ่าย 100 บาทต่อครั้ง ไม่เกิน 2 ครั้งต่อคนต่อปี                                                      | *ไม่มีการเปลี่ยนแปลง*\n\nDocument 2 (Source: doc3.mkd):\n&nbsp;&nbsp;&nbsp;&nbsp;&nbsp;&nbsp; - ไม่เกิน 1 ครั้ง/ปีงบประมาณ <br>  &nbsp;&nbsp;&nbsp;&nbsp;&nbsp;&nbsp; - ขดเขยเป็นเงิน <br> - **ค่าวัสดุอุปกรณ์เจาะ/เก็บเลือดและค่าน้ำยา**:  <br>  &nbsp;&nbsp; - มิลลิทิร UC <br>  &nbsp;&nbsp; - หน่วย CD4/VL/DR <br>  &nbsp;&nbsp; - อัตราจ่าย: <br>  &nbsp;&nbsp;&nbsp;&nbsp;&nbsp;&nbsp; - กรณีการส่งตรวจ CD4 และ VL อัตราจ่าย 20 บาท/ครั้ง <br>  &nbsp;&nbsp;&nbsp;&nbsp;&nbsp;&nbsp; - กรณีการส่งตรวจ DR อัตราจ่าย 100 บาท/ครั้ง <br>\n\nDocument 3 (Source: doc3.mkd):\n|               | อัตราจ่าย            | 1. กรณี การทำหมันชาย จ่ายตามจริงไม่เกิน 500 บาท/ราย (ตลอดชีวิต) <br> 2. กรณี การทำหมันหญิง จ่ายตามจริงไม่เกิน 1,000 บาท/ราย (ตลอดชีวิต)   | คงเดิม             |\n|               | โปรแกรม             | E-Claim                                                                                                                          | คงเดิม             |\n\nDocument 4 (Source: doc3.mkd):\n| 2. ค่ายาคุมฉุกเฉิน            | จ่ายเหมาจ่ายในอัตรา 60 บ./แผง ไม่เกิน 5 ครั้งต่อปี                                                                                                                                                                                                                                                                                                                                    |\n\nDocument 5 (Source: doc3.mkd):\n| **อัตราจ่าย**                  | จ่ายในอัตรา 11,000 บาทต่อราย แบ่งจ่ายชดเชยเป็น 2 ครั้ง ดังนี้ <br> - ครั้งที่ 1 จ่ายในอัตรา 6,000 บาท เมื่อหน่วยบริการลงทะเบียนและบันทึก Achieve goal <br> - ครั้งที่ 2 จ่ายในอัตรา 5,000 บาท เมื่อหน่วยบริการบันทึกผลการดำเนินงาน                                                                                                                                                                      | มีข้อมูล        | -               |'}]",[]
ในเดือนใดของปี 2568 ที่อัตราจ่ายแบบเหมาจ่ายสำหรับผู้ป่วยเบาหวานชนิดที่ 1 ต่ำที่สุด?  ก. เดือนมกราคม ข. เดือนกรกฎาคม ค. เดือนสิงหาคม ง. เดือนกันยายน ,"<think>

</think>

ก",9.213968992233276,"{'messages': [HumanMessage(content='\\no-think\nRAG Context:\nFound 5 relevant documents:\n\nDocument 1 (Source: doc3.mkd):\n{{199}}\nแน่นอนครับ จากภาพตารางเปรียบเทียบ ""บริการคัดกรองเบาหวานและไขมันในเลือด"" ระหว่างปีงบประมาณ 2567 และประเด็นที่เปลี่ยนแปลงในปีงบประมาณ 2567-2568 มีรายละเอียดดังนี้:\n\n**ตารางสรุป:**\n\nDocument 2 (Source: doc3.mkd):\n1. กรณีบริการผู้ป่วยเบาหวานชนิดที่ 1 (T1DM)\n\n\n {{162}}\nจากตารางข้อมูล, เราสามารถสรุปองค์ประกอบหลักๆ ได้ดังนี้ค่ะ:\n\n**หัวข้อหลัก:** กรณีบริการผู้ป่วยเบาหวานชนิดที่ 1 (T1DM) (ต่อ)\n\n**ส่วนประกอบของตาราง:**\n\n*   **หัวข้อ (Column):**\n    *   อัตราจ่าย: รายละเอียดของอัตราการจ่าย\n    *   เดิม ปี 2567: อัตราการจ่ายเดิมในปี 2567\n    *   ใหม่ – ที่เปลี่ยนแปลง ปี 2568: อัตราการจ่ายใหม่ในปี 2568 (ถ้ามีการเปลี่ยนแปลง)\n\n**รายละเอียดเนื้อหา:**\n\nDocument 3 (Source: doc3.mkd):\n*   **หลักเกณฑ์เงื่อนไข:** ในปี 2567 อ้างอิงตาม ""จ่ายตามรายการและอัตรา Fee Schedule ที่กำหนด"" และระบุเงื่อนไขเพิ่มเติมสำหรับผู้ป่วยเบาหวานชนิดที่ 2 ที่มีการตรวจ HbA1c 2 ครั้งต่อปี โดยมีระยะห่างกันอย่างน้อย 3 เดือน และผู้ป่วยความดันโลหิตสูงรายใหม่ที่ให้มีการตรวจ serum creatinine และ serum potassium พร้อม HbA1c 2 ครั้งต่อปี โดยมีระยะห่างกันอย่างน้อย 3 เดือน ส่วนในปี 2568 หลักเกณฑ์เงื่อนไขนี้ ""คงเดิม"" (unchanged).\n\nDocument 4 (Source: doc3.mkd):\n{{166}}\nจากตารางที่ให้มาเป็นการเปรียบเทียบรายละเอียดการบริการผู้ป่วยเบาหวานชนิดที่ 2 และ/หรือความดันโลหิตสูง ระหว่างปี 2567 และ 2568 โดยมีรายละเอียดดังนี้ครับ:\n\nDocument 5 (Source: doc3.mkd):\nลงวันที่ 10 มกราคม พ.ศ. 2566\n\n\n {{169}}\nแน่นอนครับ จากภาพสรุปหลักเกณฑ์เงื่อนไขค่าบริการสาธารณสุขเพิ่มเติมสำหรับระดับปฐมภูมิ ปี พ.ศ. 2568 ในส่วนของ ""ค่าบริการด้านยาและเวชภัณฑ์สำหรับการจัดส่งยาและเวชภัณฑ์ไปที่ผู้ป่วยที่บ้าน"" มีรายละเอียดดังนี้ครับ:\n\n**ตารางสรุปข้อมูล**\n\nUser Question:\nในเดือนใดของปี 2568 ที่อัตราจ่ายแบบเหมาจ่ายสำหรับผู้ป่วยเบาหวานชนิดที่ 1 ต่ำที่สุด?  ก. เดือนมกราคม ข. เดือนกรกฎาคม ค. เดือนสิงหาคม ง. เดือนกันยายน \n\nOutput Only: ก,ข,ค,ง no explanation, no answer text', additional_kwargs={}, response_metadata={}, id='434a940f-e48c-400a-b95a-8eea6fa43e8a'), AIMessage(content='<think>\n\n</think>\n\nก', additional_kwargs={}, response_metadata={'model': 'qwen3:32b', 'created_at': '2025-08-01T22:25:03.517822916Z', 'done': True, 'done_reason': 'stop', 'total_duration': 8968685464, 'load_duration': 88769614, 'prompt_eval_count': 3564, 'prompt_eval_duration': 481518365, 'eval_count': 6, 'eval_duration': 187962945, 'model_name': 'qwen3:32b'}, id='run--52dc073b-116d-419e-885d-cb1c9ea3af73-0', usage_metadata={'input_tokens': 3564, 'output_tokens': 6, 'total_tokens': 3570})]}","[{'tool_name': 'vector_search_tool', 'input': {'query': 'ในเดือนใดของปี 2568 ที่อัตราจ่ายแบบเหมาจ่ายสำหรับผู้ป่วยเบาหวานชนิดที่ 1 ต่ำที่สุด?  ก. เดือนมกราคม ข. เดือนกรกฎาคม ค. เดือนสิงหาคม ง. เดือนกันยายน ', 'k': 5}, 'output': 'Found 5 relevant documents:\n\nDocument 1 (Source: doc3.mkd):\n{{199}}\nแน่นอนครับ จากภาพตารางเปรียบเทียบ ""บริการคัดกรองเบาหวานและไขมันในเลือด"" ระหว่างปีงบประมาณ 2567 และประเด็นที่เปลี่ยนแปลงในปีงบประมาณ 2567-2568 มีรายละเอียดดังนี้:\n\n**ตารางสรุป:**\n\nDocument 2 (Source: doc3.mkd):\n1. กรณีบริการผู้ป่วยเบาหวานชนิดที่ 1 (T1DM)\n\n\n {{162}}\nจากตารางข้อมูล, เราสามารถสรุปองค์ประกอบหลักๆ ได้ดังนี้ค่ะ:\n\n**หัวข้อหลัก:** กรณีบริการผู้ป่วยเบาหวานชนิดที่ 1 (T1DM) (ต่อ)\n\n**ส่วนประกอบของตาราง:**\n\n*   **หัวข้อ (Column):**\n    *   อัตราจ่าย: รายละเอียดของอัตราการจ่าย\n    *   เดิม ปี 2567: อัตราการจ่ายเดิมในปี 2567\n    *   ใหม่ – ที่เปลี่ยนแปลง ปี 2568: อัตราการจ่ายใหม่ในปี 2568 (ถ้ามีการเปลี่ยนแปลง)\n\n**รายละเอียดเนื้อหา:**\n\nDocument 3 (Source: doc3.mkd):\n*   **หลักเกณฑ์เงื่อนไข:** ในปี 2567 อ้างอิงตาม ""จ่ายตามรายการและอัตรา Fee Schedule ที่กำหนด"" และระบุเงื่อนไขเพิ่มเติมสำหรับผู้ป่วยเบาหวานชนิดที่ 2 ที่มีการตรวจ HbA1c 2 ครั้งต่อปี โดยมีระยะห่างกันอย่างน้อย 3 เดือน และผู้ป่วยความดันโลหิตสูงรายใหม่ที่ให้มีการตรวจ serum creatinine และ serum potassium พร้อม HbA1c 2 ครั้งต่อปี โดยมีระยะห่างกันอย่างน้อย 3 เดือน ส่วนในปี 2568 หลักเกณฑ์เงื่อนไขนี้ ""คงเดิม"" (unchanged).\n\nDocument 4 (Source: doc3.mkd):\n{{166}}\nจากตารางที่ให้มาเป็นการเปรียบเทียบรายละเอียดการบริการผู้ป่วยเบาหวานชนิดที่ 2 และ/หรือความดันโลหิตสูง ระหว่างปี 2567 และ 2568 โดยมีรายละเอียดดังนี้ครับ:\n\nDocument 5 (Source: doc3.mkd):\nลงวันที่ 10 มกราคม พ.ศ. 2566\n\n\n {{169}}\nแน่นอนครับ จากภาพสรุปหลักเกณฑ์เงื่อนไขค่าบริการสาธารณสุขเพิ่มเติมสำหรับระดับปฐมภูมิ ปี พ.ศ. 2568 ในส่วนของ ""ค่าบริการด้านยาและเวชภัณฑ์สำหรับการจัดส่งยาและเวชภัณฑ์ไปที่ผู้ป่วยที่บ้าน"" มีรายละเอียดดังนี้ครับ:\n\n**ตารางสรุปข้อมูล**'}]",[]
ผู้ที่ต้องการใส่ฟันปลอมต้องมีอายุเท่าใดขึ้นไป?  ก. 40 ปี ข. 50 ปี ค. 60 ปี ง. ไม่ได้จำกัดอายุ ,"<think>

</think>

ง",10.062318086624146,"{'messages': [HumanMessage(content='\\no-think\nRAG Context:\nFound 5 relevant documents:\n\nDocument 1 (Source: doc.mkd):\nมีการแสดงภาพฟันผุบริเวณคอฟัน\n3.  **ผู้ที่ใส่ฟันเทียม:** ถามว่า ""ต้องมีอายุ 60 ปีขึ้นไปหรือไม่?"" ตอบว่า ""ไม่ได้จำกัดอายุ หากแพทย์พิจารณาเห็นว่ามีความจำเป็น ก็สามารถใช้สิทธิได้""\n    มีการแสดงภาพฟันปลอมทั้งชุด\n4.  **ฟันเทียม/ฟันปลอมชำรุด:** ถามว่า ""ใช้งานยังไม่ครบ 5 ปี จะไปทำใหม่ ใช้สิทธิหลักประกันสุขภาพแห่งชาติได้หรือไม่?"" ตอบว่า ""ได้ หากแพทย์พิจารณาแล้วพบว่าฟันปลอมเก่าไม่สามารถซ่อมแซมให้ใช้งานได้ตามปกติ""\n\nDocument 2 (Source: doc3.mkd):\n| กลุ่มเป้าหมาย      | ประชาชนไทยที่มีอายุ 25-59 ปี ทุกสิทธิการรักษาพยาบาลที่เป็นกลุ่มเสี่ยงต่อโรคฟันผุ ทั้งนี้ กลุ่มเสี่ยงให้เป็นไปตามประกาศการจ่ายที่เป็นกลุ่มเสี่ยงต่อโรคฟันผุผู้ที่มีการน้ำลายน้อย แห้งจากการรักษาและยา บางทีอาจจะการบริเวรใบหน้าและลำคอ จากการกันยารักษาโรครูปแบบที่ส่งผล ให้มีน้ำลายหลั่งติดคอกันเป็นเวลานาน หรือสาเหตุอื่นๆ รวมทั้งผู้ที่มีเหงือกร่น รากฟันโผล่ ที่ยากต่อการทำความสะอาด. | 1.  ผู้มีอายุ 25 - 59 ปี กลุ่มเสี่ยงไม่เกิน 2 ครั้งต่อปี <br> 2.  ผู้ต้องขัง (แรกรับ,\n\nDocument 3 (Source: doc2.mkd):\n| กลุ่มผู้ใหญ่อายุ 25-59 ปี (Adults 25-59 Years) | ตรวจคัดกรองความดันโลหิต, ตรวจคัดกรองเบาหวาน, เอชไอวี, ตรวจคัดกรองมะเร็งปากมดลูก, ตรวจสุขภาพช่องอก, ให้ความรู้ด้านการคุมกำเนิดและการป้องกันโรคติดต่อทางเพศสัมพันธ์                                                                               |\n\nDocument 4 (Source: doc.mkd):\n*   คำตอบคือ: การเตรียมช่องปากสำหรับการจัดฟันเพื่อความสวยงาม ไม่อยู่ในสิทธิหลักประกันสุขภาพแห่งชาติ\n    *   ภาพประกอบ: เด็กที่กำลังจัดฟันในคลินิก\n*   **หัวข้อ 37: ""เด็กอายุ 3 ปี ผู้ปกครองพาไปตรวจสุขภาพช่องปาก ทันตแพทย์ตรวจพบว่าฟันผุ ควรจะแนะนำให้ไปทำอะไร""**\n    *   คำตอบคือ: เนื่องจากเป็นเรื่องของการรักษาฟัน ทำให้ต้องจ่ายค่ารักษาเอง\n    *   ภาพประกอบ: รูปฟันผุ\n*   **หัวข้อ 38: ""เด็กชายหลังจากการได้รับการผ่าตัดปากแหว่งเพดานโหว่ สามารถทำอะไรได้บ้าง""**\n\nDocument 5 (Source: doc.mkd):\n1.  **คำถาม:** ปวดฟันคุด มีอาการอักเสบ ทันตแพทย์แนะนำให้ผ่าตัด จะใช้สิทธิหลักประกันสุขภาพแห่งชาติได้หรือไม่\n    *   **คำตอบ:** ได้ เนื่องจากผ่าฟันคุดคือวิธีการถอนฟันชนิดหนึ่ง\n2.  **คำถาม:** ใช้สิทธิหลักประกันสุขภาพแห่งชาติในการเคลือบฟลูออไรด์ได้หรือไม่\n    *   **คำตอบ:** ได้ หากเป็นกลุ่มเสี่ยงต่อการเกิดโรคฟันผุ ตามกลุ่มอายุที่ สปสช. กำหนด เช่น เด็ก ผู้สูงอายุ ผู้ป่วยมะเร็งที่ได้รับการฉายแสงบริเวณหน้าและลำคอ\n\nUser Question:\nผู้ที่ต้องการใส่ฟันปลอมต้องมีอายุเท่าใดขึ้นไป?  ก. 40 ปี ข. 50 ปี ค. 60 ปี ง. ไม่ได้จำกัดอายุ \n\nOutput Only: ก,ข,ค,ง no explanation, no answer text', additional_kwargs={}, response_metadata={}, id='136a0cea-c9ad-414d-a8b3-361af373eb03'), AIMessage(content='<think>\n\n</think>\n\nง', additional_kwargs={}, response_metadata={'model': 'qwen3:32b', 'created_at': '2025-08-01T22:25:04.388992591Z', 'done': True, 'done_reason': 'stop', 'total_duration': 9835188869, 'load_duration': 86534524, 'prompt_eval_count': 3868, 'prompt_eval_duration': 706596435, 'eval_count': 6, 'eval_duration': 163922886, 'model_name': 'qwen3:32b'}, id='run--03104ec3-87e4-4337-a545-1f04ba392144-0', usage_metadata={'input_tokens': 3868, 'output_tokens': 6, 'total_tokens': 3874})]}","[{'tool_name': 'vector_search_tool', 'input': {'query': 'ผู้ที่ต้องการใส่ฟันปลอมต้องมีอายุเท่าใดขึ้นไป?  ก. 40 ปี ข. 50 ปี ค. 60 ปี ง. ไม่ได้จำกัดอายุ ', 'k': 5}, 'output': 'Found 5 relevant documents:\n\nDocument 1 (Source: doc.mkd):\nมีการแสดงภาพฟันผุบริเวณคอฟัน\n3.  **ผู้ที่ใส่ฟันเทียม:** ถามว่า ""ต้องมีอายุ 60 ปีขึ้นไปหรือไม่?"" ตอบว่า ""ไม่ได้จำกัดอายุ หากแพทย์พิจารณาเห็นว่ามีความจำเป็น ก็สามารถใช้สิทธิได้""\n    มีการแสดงภาพฟันปลอมทั้งชุด\n4.  **ฟันเทียม/ฟันปลอมชำรุด:** ถามว่า ""ใช้งานยังไม่ครบ 5 ปี จะไปทำใหม่ ใช้สิทธิหลักประกันสุขภาพแห่งชาติได้หรือไม่?"" ตอบว่า ""ได้ หากแพทย์พิจารณาแล้วพบว่าฟันปลอมเก่าไม่สามารถซ่อมแซมให้ใช้งานได้ตามปกติ""\n\nDocument 2 (Source: doc3.mkd):\n| กลุ่มเป้าหมาย      | ประชาชนไทยที่มีอายุ 25-59 ปี ทุกสิทธิการรักษาพยาบาลที่เป็นกลุ่มเสี่ยงต่อโรคฟันผุ ทั้งนี้ กลุ่มเสี่ยงให้เป็นไปตามประกาศการจ่ายที่เป็นกลุ่มเสี่ยงต่อโรคฟันผุผู้ที่มีการน้ำลายน้อย แห้งจากการรักษาและยา บางทีอาจจะการบริเวรใบหน้าและลำคอ จากการกันยารักษาโรครูปแบบที่ส่งผล ให้มีน้ำลายหลั่งติดคอกันเป็นเวลานาน หรือสาเหตุอื่นๆ รวมทั้งผู้ที่มีเหงือกร่น รากฟันโผล่ ที่ยากต่อการทำความสะอาด. | 1.  ผู้มีอายุ 25 - 59 ปี กลุ่มเสี่ยงไม่เกิน 2 ครั้งต่อปี <br> 2.  ผู้ต้องขัง (แรกรับ,\n\nDocument 3 (Source: doc2.mkd):\n| กลุ่มผู้ใหญ่อายุ 25-59 ปี (Adults 25-59 Years) | ตรวจคัดกรองความดันโลหิต, ตรวจคัดกรองเบาหวาน, เอชไอวี, ตรวจคัดกรองมะเร็งปากมดลูก, ตรวจสุขภาพช่องอก, ให้ความรู้ด้านการคุมกำเนิดและการป้องกันโรคติดต่อทางเพศสัมพันธ์                                                                               |\n\nDocument 4 (Source: doc.mkd):\n*   คำตอบคือ: การเตรียมช่องปากสำหรับการจัดฟันเพื่อความสวยงาม ไม่อยู่ในสิทธิหลักประกันสุขภาพแห่งชาติ\n    *   ภาพประกอบ: เด็กที่กำลังจัดฟันในคลินิก\n*   **หัวข้อ 37: ""เด็กอายุ 3 ปี ผู้ปกครองพาไปตรวจสุขภาพช่องปาก ทันตแพทย์ตรวจพบว่าฟันผุ ควรจะแนะนำให้ไปทำอะไร""**\n    *   คำตอบคือ: เนื่องจากเป็นเรื่องของการรักษาฟัน ทำให้ต้องจ่ายค่ารักษาเอง\n    *   ภาพประกอบ: รูปฟันผุ\n*   **หัวข้อ 38: ""เด็กชายหลังจากการได้รับการผ่าตัดปากแหว่งเพดานโหว่ สามารถทำอะไรได้บ้าง""**\n\nDocument 5 (Source: doc.mkd):\n1.  **คำถาม:** ปวดฟันคุด มีอาการอักเสบ ทันตแพทย์แนะนำให้ผ่าตัด จะใช้สิทธิหลักประกันสุขภาพแห่งชาติได้หรือไม่\n    *   **คำตอบ:** ได้ เนื่องจากผ่าฟันคุดคือวิธีการถอนฟันชนิดหนึ่ง\n2.  **คำถาม:** ใช้สิทธิหลักประกันสุขภาพแห่งชาติในการเคลือบฟลูออไรด์ได้หรือไม่\n    *   **คำตอบ:** ได้ หากเป็นกลุ่มเสี่ยงต่อการเกิดโรคฟันผุ ตามกลุ่มอายุที่ สปสช. กำหนด เช่น เด็ก ผู้สูงอายุ ผู้ป่วยมะเร็งที่ได้รับการฉายแสงบริเวณหน้าและลำคอ'}]",[]
การให้บริการสาธารณสุขระบบทางไกลมีอัตราจ่ายเท่าใดต่อครั้ง?  ก. 40 บาท ข. 50 บาท ค. 60 บาท ง. 70 บาท ,"<think>

</think>

None of the provided options match the reimbursement rate for telehealth public health services mentioned in the documents.",11.216946840286255,"{'messages': [HumanMessage(content='\\no-think\nRAG Context:\nFound 5 relevant documents:\n\nDocument 1 (Source: doc3.mkd):\n| **อัตราจ่าย (Reimbursement Rate)** | - หน่วยบริการภาครัฐ เหมาจ่ายครั้งละ 6,500 บาท ต่อครั้งจ่ายไม่เกินข้างละ 4 ครั้งต่อคนต่อปี <br> - หน่วยบริการภาคเอกชน เหมาจ่าย 16,000 บาท ต่อการสลายนิ่วในไตหนึ่งข้างต่อคนต่อปี โดยไม่จำกัดจำนวนครั้ง (Episode) หน่วยบริการจะต้องส่งข้อมูลเพื่อขอรับค่าใช้จ่ายเมื่อให้บริการสลายนิ่วสำเร็จเท่านั้น กรณีสลายนิ่วไม่สำเร็จต้องมีการให้บริการมากกว่า 3 ครั้ง และมีหลักฐานการเปลี่ยนแปลงวิธีการรักษา <br> - กรณีการรักษาด้วยวิธีผ่าตัดแบบเปิด (Open surgery) หรือผ่าตัดด้วยกล้อง\n\nDocument 2 (Source: doc3.mkd):\n| หน่วยบริการ    | เป็นสถานพยาบาลตามกฎหมายว่าด้วยยาเสพติด                                                                                                                                                            |                 |\n| อัตราจ่าย      | ครั้งละ 35 บาท/วัน (เบิกได้ไม่เกินจำนวนวันที่เดือนที่ให้บริการ)                                                                                                                                              |                 |\n\nDocument 3 (Source: doc3.mkd):\n*   จ่ายเพิ่มเติมกรณีให้บริการที่บ้าน หรือ ที่พักอาศัยของผู้ป่วยระยะกลาง กรณีผู้รับบริการมีข้อจำกัดในการเดินทางมารับบริการที่หน่วยบริการ: 200 บาทต่อครั้ง\n*   **หน่วยบริการ:** หน่วยบริการที่สามารถให้บริการฟื้นฟูสมรรถภาพทางการแพทย์ระยะกลางแบบผู้ป่วยนอกตามคู่มือหรือแนวทางที่กระทรวงสาธารณสุขกำหนด\n*   **ระบบเบิกจ่าย:** หน่วยบริการ เขต 1-13 บันทึกผ่านระบบกลไกอุปกรณ์คนพิการและการให้บริการฟื้นฟูฯ (Disability Portal)\n*   **ระบบประมวลผล:** ระบบบูรณาการติดตามข้อมูลการจ่ายชดเชยเฉพาะ (Seamless for DMIS)\n\nDocument 4 (Source: doc3.mkd):\n*   **ผู้มีสิทธิ:** สิทธิหลักประกันสุขภาพแห่งชาติ\n\n*   **หน่วยบริการ:** หน่วยบริการที่มีสิทธิได้รับค่าใช้จ่าย คือหน่วยบริการที่ให้บริการผู้ป่วยใน\n\n*   **อัตราจ่าย:** อธิบายวิธีการคำนวณอัตราจ่ายเพิ่มเติมจากงบค่าบริการผู้ป่วยใน โดยใช้สูตรดังนี้:\n    1.  คำนวณ Reimburse Ratio จาก base rate ของผู้ป่วยใน โดยประมาณการจำนวนเงินค่าใช้จ่ายที่หน่วยบริการเรียกเก็บต่อน้ำหนักสัมพัทธ์ที่ได้รับ\n    2.  สูตรคำนวณ: Reimburse ratio x [Loss – (0.5xOLT)] โดยกำหนด Reimburse Ratio ไม่เกิน 0.8\n\nDocument 5 (Source: doc3.mkd):\n3.  **หน่วยบริการ:**\n    *   **ปี 2567:** หน่วยบริการที่มีสิทธิได้รับค่าใช้จ่ายเป็นหน่วยบริการในระบบหลักประกันสุขภาพแห่งชาติ ยกเว้นหน่วยบริการที่ให้บริการสาธารณสุขกับผู้รับบริการที่ลงทะเบียนในหน่วยบริการประจำ และการส่งต่อจากหน่วยบริการประจำในเครือข่าย\n    *   **ปี 2568:** *คงเดิม*\n4.  **อัตราจ่าย:**\n\nUser Question:\nการให้บริการสาธารณสุขระบบทางไกลมีอัตราจ่ายเท่าใดต่อครั้ง?  ก. 40 บาท ข. 50 บาท ค. 60 บาท ง. 70 บาท \n\nOutput Only: ก,ข,ค,ง no explanation, no answer text', additional_kwargs={}, response_metadata={}, id='652ecfe8-d78c-4614-9e70-d7eab466772a'), AIMessage(content='<think>\n\n</think>\n\nNone of the provided options match the reimbursement rate for telehealth public health services mentioned in the documents.', additional_kwargs={}, response_metadata={'model': 'qwen3:32b', 'created_at': '2025-08-01T22:25:05.555066614Z', 'done': True, 'done_reason': 'stop', 'total_duration': 11016383937, 'load_duration': 103720260, 'prompt_eval_count': 3769, 'prompt_eval_duration': 673317250, 'eval_count': 25, 'eval_duration': 492062384, 'model_name': 'qwen3:32b'}, id='run--4c266757-bfd5-478e-ba1b-6428f485cdc9-0', usage_metadata={'input_tokens': 3769, 'output_tokens': 25, 'total_tokens': 3794})]}","[{'tool_name': 'vector_search_tool', 'input': {'query': 'การให้บริการสาธารณสุขระบบทางไกลมีอัตราจ่ายเท่าใดต่อครั้ง?  ก. 40 บาท ข. 50 บาท ค. 60 บาท ง. 70 บาท ', 'k': 5}, 'output': 'Found 5 relevant documents:\n\nDocument 1 (Source: doc3.mkd):\n| **อัตราจ่าย (Reimbursement Rate)** | - หน่วยบริการภาครัฐ เหมาจ่ายครั้งละ 6,500 บาท ต่อครั้งจ่ายไม่เกินข้างละ 4 ครั้งต่อคนต่อปี <br> - หน่วยบริการภาคเอกชน เหมาจ่าย 16,000 บาท ต่อการสลายนิ่วในไตหนึ่งข้างต่อคนต่อปี โดยไม่จำกัดจำนวนครั้ง (Episode) หน่วยบริการจะต้องส่งข้อมูลเพื่อขอรับค่าใช้จ่ายเมื่อให้บริการสลายนิ่วสำเร็จเท่านั้น กรณีสลายนิ่วไม่สำเร็จต้องมีการให้บริการมากกว่า 3 ครั้ง และมีหลักฐานการเปลี่ยนแปลงวิธีการรักษา <br> - กรณีการรักษาด้วยวิธีผ่าตัดแบบเปิด (Open surgery) หรือผ่าตัดด้วยกล้อง\n\nDocument 2 (Source: doc3.mkd):\n| หน่วยบริการ    | เป็นสถานพยาบาลตามกฎหมายว่าด้วยยาเสพติด                                                                                                                                                            |                 |\n| อัตราจ่าย      | ครั้งละ 35 บาท/วัน (เบิกได้ไม่เกินจำนวนวันที่เดือนที่ให้บริการ)                                                                                                                                              |                 |\n\nDocument 3 (Source: doc3.mkd):\n*   จ่ายเพิ่มเติมกรณีให้บริการที่บ้าน หรือ ที่พักอาศัยของผู้ป่วยระยะกลาง กรณีผู้รับบริการมีข้อจำกัดในการเดินทางมารับบริการที่หน่วยบริการ: 200 บาทต่อครั้ง\n*   **หน่วยบริการ:** หน่วยบริการที่สามารถให้บริการฟื้นฟูสมรรถภาพทางการแพทย์ระยะกลางแบบผู้ป่วยนอกตามคู่มือหรือแนวทางที่กระทรวงสาธารณสุขกำหนด\n*   **ระบบเบิกจ่าย:** หน่วยบริการ เขต 1-13 บันทึกผ่านระบบกลไกอุปกรณ์คนพิการและการให้บริการฟื้นฟูฯ (Disability Portal)\n*   **ระบบประมวลผล:** ระบบบูรณาการติดตามข้อมูลการจ่ายชดเชยเฉพาะ (Seamless for DMIS)\n\nDocument 4 (Source: doc3.mkd):\n*   **ผู้มีสิทธิ:** สิทธิหลักประกันสุขภาพแห่งชาติ\n\n*   **หน่วยบริการ:** หน่วยบริการที่มีสิทธิได้รับค่าใช้จ่าย คือหน่วยบริการที่ให้บริการผู้ป่วยใน\n\n*   **อัตราจ่าย:** อธิบายวิธีการคำนวณอัตราจ่ายเพิ่มเติมจากงบค่าบริการผู้ป่วยใน โดยใช้สูตรดังนี้:\n    1.  คำนวณ Reimburse Ratio จาก base rate ของผู้ป่วยใน โดยประมาณการจำนวนเงินค่าใช้จ่ายที่หน่วยบริการเรียกเก็บต่อน้ำหนักสัมพัทธ์ที่ได้รับ\n    2.  สูตรคำนวณ: Reimburse ratio x [Loss – (0.5xOLT)] โดยกำหนด Reimburse Ratio ไม่เกิน 0.8\n\nDocument 5 (Source: doc3.mkd):\n3.  **หน่วยบริการ:**\n    *   **ปี 2567:** หน่วยบริการที่มีสิทธิได้รับค่าใช้จ่ายเป็นหน่วยบริการในระบบหลักประกันสุขภาพแห่งชาติ ยกเว้นหน่วยบริการที่ให้บริการสาธารณสุขกับผู้รับบริการที่ลงทะเบียนในหน่วยบริการประจำ และการส่งต่อจากหน่วยบริการประจำในเครือข่าย\n    *   **ปี 2568:** *คงเดิม*\n4.  **อัตราจ่าย:**'}]",[]
คนไข้ชายอายุ 50 ปี มีอาการปวดหลัง ชาปลายมือ ปวดลงขา ควรพบหมอแผนกไหน?  ก. Neurology ข. Orthopedics ค. Cardiology ง. Nephrology ,"<think>

</think>

ก,ข",7.501734256744385,"{'messages': [HumanMessage(content='\\no-think\nRAG Context:\nFound 5 relevant documents:\n\nDocument 1 (Source: doc.mkd):\nผู้ป่วยมีอาการปวดท้อง แพทย์วินิจฉัยว่า\nเป็นกรดไหลย้อน จะให้นอน รพ.\nต้องใช้ใบส่งตัวจาก รพ.ตามสิทธิ หรือไม่\n\n3\n\n\nให้ติดต่อแจ้งขอใช้สิทธิหลักประกันสุขภาพแห่งชาติ\nพร้อมแสดงบัตรประจำตัวประชาชน\nโดยไม่ต้องใช้ใบส่งตัวจาก รพ.ตามสิทธิ\n\n12\n\n\nจากภาพที่ปรากฏ เป็นอินโฟกราฟิก (infographic) ที่ให้ข้อมูลเกี่ยวกับบริการ **""สายด่วน สปสช. 1330""** ภายใต้สโลแกน ""บริการข้อมูลหลักประกันสุขภาพ""\n\nรายละเอียดที่สำคัญจากภาพมีดังนี้:\n\nDocument 2 (Source: doc.mkd):\n| Office Syndrome (ฝังเข็ม, กายภาพบำบัด) | สามารถใช้สิทธิ สปสช. ได้                                                                                                                                                                                                  | แพทย์ต้องพิจารณาว่าจำเป็น                                                                                                                    |\n\nDocument 3 (Source: doc3.mkd):\n*   **ผู้ป่วย:** หญิงสูงอายุ มีสีหน้าแสดงถึงความไม่สบายหรืออาจจะรู้สึกเจ็บปวดขณะเดิน สังเกตได้จากคิ้วที่ขมวดและปากที่คว่ำลง ขาของเธอสั่นเล็กน้อย ซึ่งอาจบ่งบอกถึงความอ่อนแรงหรือการทรงตัวที่ไม่ดี\n*   **นักกายภาพบำบัด (Physical Therapist):** ผู้หญิงที่แต่งกายด้วยชุดยูนิฟอร์มพยาบาล ยืนอยู่ด้านข้างของผู้ป่วยและใช้มือประคองที่หลังหรือเอวของผู้ป่วยเพื่อช่วยในการประคองและให้กำลังใจ สีหน้าของเธอดูเป็นมิตรและให้ความช่วยเหลือ\n\nDocument 4 (Source: doc2.mkd):\nสิทธิหลักประกันสุขภาพแห่งชาติ\nเรื่องควรรู้\n33\n\n\n {{35}}\n• การให้ยาละลายลิ่มเลือดเพื่อการรักษาเร่งด่วน สำหรับผู้ป่วยโรค\nหลอดเลือดสมองตีบหรืออุดตัน และผู้ป่วยโรคกล้ามเนื้อหัวใจขาดเลือด\nชนิดเฉียบพลัน ชนิดที่มีการยกขึ้นของคลื่นไฟฟ้าหัวใจส่วน ST\n\n\n2. การฟอกเลือดด้วยเครื่องไตเทียม\n\nบริการทดแทนได้สำหรับผู้ป่วยด้วยไตวายเรื้อรังระยะสุดท้าย*\n\nบริการกรณีเฉพาะ*\n\n34 เรื่องควรรู้ สิทธิหลักประกันสุขภาพแห่งชาติ\n\n3. การผ่าตัดปลูกถ่ายไต\n\nDocument 5 (Source: doc.mkd):\na\n\n\nมีอาการกระเพาะปัสสาวะอักเสบ มาตรวจที่ รพ.รัฐใกล้บ้าน\nเจ้าหน้าที่แจ้งว่าต้องกลับไปขอใบส่งตัวจาก รพ.ตามสิทธิมาก่อน\nต้องการทราบว่า กรณีนี้ใช้สิทธิปฐมภูมิไปที่ไหนก็ได้ ได้หรือไม่\n\n8\n\n\nได้ ให้แจ้งความประสงค์\nพร้อมแสดงบัตรประจำตัวประชาชนประกอบการใช้สิทธิ\n\nผู้มีสิทธิประกันสังคม สิทธิข้าราชการ สิทธิรัฐวิสาหกิจ\nสามารถใช้สิทธินโยบายปฐมภูมิไปที่ไหนก็ได้ ได้หรือไม่\n\nUser Question:\nคนไข้ชายอายุ 50 ปี มีอาการปวดหลัง ชาปลายมือ ปวดลงขา ควรพบหมอแผนกไหน?  ก. Neurology ข. Orthopedics ค. Cardiology ง. Nephrology \n\nOutput Only: ก,ข,ค,ง no explanation, no answer text', additional_kwargs={}, response_metadata={}, id='38f8864c-14ac-44b7-b9da-c397978ddfd4'), AIMessage(content='<think>\n\n</think>\n\nก,ข', additional_kwargs={}, response_metadata={'model': 'qwen3:32b', 'created_at': '2025-08-01T22:25:01.848752399Z', 'done': True, 'done_reason': 'stop', 'total_duration': 7330193016, 'load_duration': 101244228, 'prompt_eval_count': 3685, 'prompt_eval_duration': 1944948290, 'eval_count': 8, 'eval_duration': 167507027, 'model_name': 'qwen3:32b'}, id='run--d0887e2e-130c-4bb6-9792-48b7b8b23e58-0', usage_metadata={'input_tokens': 3685, 'output_tokens': 8, 'total_tokens': 3693})]}","[{'tool_name': 'vector_search_tool', 'input': {'query': 'คนไข้ชายอายุ 50 ปี มีอาการปวดหลัง ชาปลายมือ ปวดลงขา ควรพบหมอแผนกไหน?  ก. Neurology ข. Orthopedics ค. Cardiology ง. Nephrology ', 'k': 5}, 'output': 'Found 5 relevant documents:\n\nDocument 1 (Source: doc.mkd):\nผู้ป่วยมีอาการปวดท้อง แพทย์วินิจฉัยว่า\nเป็นกรดไหลย้อน จะให้นอน รพ.\nต้องใช้ใบส่งตัวจาก รพ.ตามสิทธิ หรือไม่\n\n3\n\n\nให้ติดต่อแจ้งขอใช้สิทธิหลักประกันสุขภาพแห่งชาติ\nพร้อมแสดงบัตรประจำตัวประชาชน\nโดยไม่ต้องใช้ใบส่งตัวจาก รพ.ตามสิทธิ\n\n12\n\n\nจากภาพที่ปรากฏ เป็นอินโฟกราฟิก (infographic) ที่ให้ข้อมูลเกี่ยวกับบริการ **""สายด่วน สปสช. 1330""** ภายใต้สโลแกน ""บริการข้อมูลหลักประกันสุขภาพ""\n\nรายละเอียดที่สำคัญจากภาพมีดังนี้:\n\nDocument 2 (Source: doc.mkd):\n| Office Syndrome (ฝังเข็ม, กายภาพบำบัด) | สามารถใช้สิทธิ สปสช. ได้                                                                                                                                                                                                  | แพทย์ต้องพิจารณาว่าจำเป็น                                                                                                                    |\n\nDocument 3 (Source: doc3.mkd):\n*   **ผู้ป่วย:** หญิงสูงอายุ มีสีหน้าแสดงถึงความไม่สบายหรืออาจจะรู้สึกเจ็บปวดขณะเดิน สังเกตได้จากคิ้วที่ขมวดและปากที่คว่ำลง ขาของเธอสั่นเล็กน้อย ซึ่งอาจบ่งบอกถึงความอ่อนแรงหรือการทรงตัวที่ไม่ดี\n*   **นักกายภาพบำบัด (Physical Therapist):** ผู้หญิงที่แต่งกายด้วยชุดยูนิฟอร์มพยาบาล ยืนอยู่ด้านข้างของผู้ป่วยและใช้มือประคองที่หลังหรือเอวของผู้ป่วยเพื่อช่วยในการประคองและให้กำลังใจ สีหน้าของเธอดูเป็นมิตรและให้ความช่วยเหลือ\n\nDocument 4 (Source: doc2.mkd):\nสิทธิหลักประกันสุขภาพแห่งชาติ\nเรื่องควรรู้\n33\n\n\n {{35}}\n• การให้ยาละลายลิ่มเลือดเพื่อการรักษาเร่งด่วน สำหรับผู้ป่วยโรค\nหลอดเลือดสมองตีบหรืออุดตัน และผู้ป่วยโรคกล้ามเนื้อหัวใจขาดเลือด\nชนิดเฉียบพลัน ชนิดที่มีการยกขึ้นของคลื่นไฟฟ้าหัวใจส่วน ST\n\n\n2. การฟอกเลือดด้วยเครื่องไตเทียม\n\nบริการทดแทนได้สำหรับผู้ป่วยด้วยไตวายเรื้อรังระยะสุดท้าย*\n\nบริการกรณีเฉพาะ*\n\n34 เรื่องควรรู้ สิทธิหลักประกันสุขภาพแห่งชาติ\n\n3. การผ่าตัดปลูกถ่ายไต\n\nDocument 5 (Source: doc.mkd):\na\n\n\nมีอาการกระเพาะปัสสาวะอักเสบ มาตรวจที่ รพ.รัฐใกล้บ้าน\nเจ้าหน้าที่แจ้งว่าต้องกลับไปขอใบส่งตัวจาก รพ.ตามสิทธิมาก่อน\nต้องการทราบว่า กรณีนี้ใช้สิทธิปฐมภูมิไปที่ไหนก็ได้ ได้หรือไม่\n\n8\n\n\nได้ ให้แจ้งความประสงค์\nพร้อมแสดงบัตรประจำตัวประชาชนประกอบการใช้สิทธิ\n\nผู้มีสิทธิประกันสังคม สิทธิข้าราชการ สิทธิรัฐวิสาหกิจ\nสามารถใช้สิทธินโยบายปฐมภูมิไปที่ไหนก็ได้ ได้หรือไม่'}]",[]
หน่วยบริการใดที่สามารถให้บริการตรวจคัดกรองไวรัสตับอักเสบบีได้?  ก. โรงพยาบาลเอกชนเท่านั้น ข. หน่วยบริการในระบบหลักประกันสุขภาพแห่งชาติ ค. คลินิกทั่วไป ง. โรงพยาบาลต่างประเทศ ,"<think>

</think>

ข",15.46758508682251,"{'messages': [HumanMessage(content='\\no-think\nRAG Context:\nFound 5 relevant documents:\n\nDocument 1 (Source: doc3.mkd):\n| หน่วยบริการ    | หน่วยบริการในระบบหลักประกันสุขภาพแห่งชาติที่สามารถให้บริการคัดกรองธาลัสซีเมียได้                                                                                                                                                                                          |\n\nDocument 2 (Source: doc3.mkd):\n| หัวข้อ  | รายละเอียด |\n|---|---|\n| กลุ่มเป้าหมาย | ประชากรไทย ""ทุกสิทธิการรักษาพยาบาล"" ที่เกิดก่อนปี 2535 |\n| ขอบเขตบริการ | การตรวจคัดกรองไวรัสตับอักเสบ จำนวน 1 ครั้งตลอดชีวิต |\n| หน่วยบริการ | หน่วยบริการในระบบหลักประกันสุขภาพแห่งชาติ ที่สามารถให้บริการตรวจคัดกรองไวรัสตับอักเสบ บี ได้ |\n| เงื่อนไขและอัตราจ่าย | ค่าบริการตรวจคัดกรอง HBsAg ด้วยวิธี Rapid test / Laboratory-based immunoassays เหมาจ่ายอัตรา 50 บาทต่อครั้ง/คน |\n| โปรแกรม | เขต 1-13 บันทึกผลงานและประมวลผลการจ่ายผ่านโปรแกรม KTB |\n\nDocument 3 (Source: doc3.mkd):\n*   **หน่วยบริการ (Service Units):**\n    *   หน่วยบริการในระบบหลักประกันสุขภาพแห่งชาติ ที่มีศักยภาพตรวจคัดกรองพยาธิใบไม้ตับด้วยการตรวจปัสสาวะได้\n    *   หน่วยบริการที่รับการส่งต่อด้านเวชกรรม\n    *   หน่วยบริการที่รับการส่งต่อด้านเวชกรรม\n    *   หน่วยบริการที่รับการส่งต่อด้านเทคนิคการแพทย์ (เช่น ที่มีศักยภาพ Lab Anywhere)\n    *   หน่วยบริการที่รับการส่งต่อด้านพยาบาลและการผดุงครรภ์\n\nDocument 4 (Source: doc3.mkd):\n**หน่วยบริการ:** หน่วยบริการในระบบหลักประกันสุขภาพแห่งชาติ ที่มีศักยภาพในการให้บริการตรวจคัดกรองและค้นหาวัณโรคในกลุ่มเสี่ยงสูง\n\n**สรุป:** ตารางนี้ให้ข้อมูลสำคัญเกี่ยวกับแนวทางการตรวจคัดกรองและค้นหาวัณโรคในกลุ่มเสี่ยงสูง โดยครอบคลุมตั้งแต่การตรวจเบื้องต้นด้วยการถ่ายภาพรังสีทรวงอก ไปจนถึงการตรวจวินิจฉัยระดับอณูชีววิทยาและการตรวจหาเชื้อดื้อยา เพื่อให้การวินิจฉัยและการรักษาเป็นไปอย่างมีประสิทธิภาพ\n\nDocument 5 (Source: doc3.mkd):\n| 2. บริการด้านการป้องกันการติดเชื้อ HIV            | 2.1 บริการเชิงรุก:  RRTRR  2.1.1 สิทธิ UC  2.1.2 หน่วยบริการ  1) หน่วยบริการรับส่งต่อทั่วไปในระบบหลักประกันสุขภาพแห่งชาติ  2) หน่วยบริการที่รับส่งต่อเฉพาะด้านสร้างเสริมสุขภาพและป้องกันโรค หรือหน่วยบริการที่รับการส่งต่อเฉพาะด้านเวชกรรม ที่เป็นสำนักงานป้องกันควบคุมโรค หรือสำนักงานสาธารณสุขจังหวัด  3) หน่วยงาน/องค์กรชุมชน หรือองค์กรเอกชน ที่ไม่มีวัตถุประสงค์เพื่อดำเนินการแสวงหากำไร และยังไม่ได้ขึ้นทะเบียนในระบบหลักประกันสุขภาพแห่งชาติ\n\nUser Question:\nหน่วยบริการใดที่สามารถให้บริการตรวจคัดกรองไวรัสตับอักเสบบีได้?  ก. โรงพยาบาลเอกชนเท่านั้น ข. หน่วยบริการในระบบหลักประกันสุขภาพแห่งชาติ ค. คลินิกทั่วไป ง. โรงพยาบาลต่างประเทศ \n\nOutput Only: ก,ข,ค,ง no explanation, no answer text', additional_kwargs={}, response_metadata={}, id='e2ed9915-cae0-4666-a78a-f20843d5853d'), AIMessage(content='<think>\n\n</think>\n\nข', additional_kwargs={}, response_metadata={'model': 'qwen3:32b', 'created_at': '2025-08-01T22:25:09.83451139Z', 'done': True, 'done_reason': 'stop', 'total_duration': 15260988620, 'load_duration': 75123930, 'prompt_eval_count': 3780, 'prompt_eval_duration': 1984469357, 'eval_count': 6, 'eval_duration': 149670742, 'model_name': 'qwen3:32b'}, id='run--a9bb65e8-fe80-4fdf-a55b-c5430e875d15-0', usage_metadata={'input_tokens': 3780, 'output_tokens': 6, 'total_tokens': 3786})]}","[{'tool_name': 'vector_search_tool', 'input': {'query': 'หน่วยบริการใดที่สามารถให้บริการตรวจคัดกรองไวรัสตับอักเสบบีได้?  ก. โรงพยาบาลเอกชนเท่านั้น ข. หน่วยบริการในระบบหลักประกันสุขภาพแห่งชาติ ค. คลินิกทั่วไป ง. โรงพยาบาลต่างประเทศ ', 'k': 5}, 'output': 'Found 5 relevant documents:\n\nDocument 1 (Source: doc3.mkd):\n| หน่วยบริการ    | หน่วยบริการในระบบหลักประกันสุขภาพแห่งชาติที่สามารถให้บริการคัดกรองธาลัสซีเมียได้                                                                                                                                                                                          |\n\nDocument 2 (Source: doc3.mkd):\n| หัวข้อ  | รายละเอียด |\n|---|---|\n| กลุ่มเป้าหมาย | ประชากรไทย ""ทุกสิทธิการรักษาพยาบาล"" ที่เกิดก่อนปี 2535 |\n| ขอบเขตบริการ | การตรวจคัดกรองไวรัสตับอักเสบ จำนวน 1 ครั้งตลอดชีวิต |\n| หน่วยบริการ | หน่วยบริการในระบบหลักประกันสุขภาพแห่งชาติ ที่สามารถให้บริการตรวจคัดกรองไวรัสตับอักเสบ บี ได้ |\n| เงื่อนไขและอัตราจ่าย | ค่าบริการตรวจคัดกรอง HBsAg ด้วยวิธี Rapid test / Laboratory-based immunoassays เหมาจ่ายอัตรา 50 บาทต่อครั้ง/คน |\n| โปรแกรม | เขต 1-13 บันทึกผลงานและประมวลผลการจ่ายผ่านโปรแกรม KTB |\n\nDocument 3 (Source: doc3.mkd):\n*   **หน่วยบริการ (Service Units):**\n    *   หน่วยบริการในระบบหลักประกันสุขภาพแห่งชาติ ที่มีศักยภาพตรวจคัดกรองพยาธิใบไม้ตับด้วยการตรวจปัสสาวะได้\n    *   หน่วยบริการที่รับการส่งต่อด้านเวชกรรม\n    *   หน่วยบริการที่รับการส่งต่อด้านเวชกรรม\n    *   หน่วยบริการที่รับการส่งต่อด้านเทคนิคการแพทย์ (เช่น ที่มีศักยภาพ Lab Anywhere)\n    *   หน่วยบริการที่รับการส่งต่อด้านพยาบาลและการผดุงครรภ์\n\nDocument 4 (Source: doc3.mkd):\n**หน่วยบริการ:** หน่วยบริการในระบบหลักประกันสุขภาพแห่งชาติ ที่มีศักยภาพในการให้บริการตรวจคัดกรองและค้นหาวัณโรคในกลุ่มเสี่ยงสูง\n\n**สรุป:** ตารางนี้ให้ข้อมูลสำคัญเกี่ยวกับแนวทางการตรวจคัดกรองและค้นหาวัณโรคในกลุ่มเสี่ยงสูง โดยครอบคลุมตั้งแต่การตรวจเบื้องต้นด้วยการถ่ายภาพรังสีทรวงอก ไปจนถึงการตรวจวินิจฉัยระดับอณูชีววิทยาและการตรวจหาเชื้อดื้อยา เพื่อให้การวินิจฉัยและการรักษาเป็นไปอย่างมีประสิทธิภาพ\n\nDocument 5 (Source: doc3.mkd):\n| 2. บริการด้านการป้องกันการติดเชื้อ HIV            | 2.1 บริการเชิงรุก:  RRTRR  2.1.1 สิทธิ UC  2.1.2 หน่วยบริการ  1) หน่วยบริการรับส่งต่อทั่วไปในระบบหลักประกันสุขภาพแห่งชาติ  2) หน่วยบริการที่รับส่งต่อเฉพาะด้านสร้างเสริมสุขภาพและป้องกันโรค หรือหน่วยบริการที่รับการส่งต่อเฉพาะด้านเวชกรรม ที่เป็นสำนักงานป้องกันควบคุมโรค หรือสำนักงานสาธารณสุขจังหวัด  3) หน่วยงาน/องค์กรชุมชน หรือองค์กรเอกชน ที่ไม่มีวัตถุประสงค์เพื่อดำเนินการแสวงหากำไร และยังไม่ได้ขึ้นทะเบียนในระบบหลักประกันสุขภาพแห่งชาติ'}]",[]
